318	254	15	AFA	1029699	0	AFA
218	196	29	ALLMAKES	652302	0	ALLMAKES
318	442	44	ASHUKI	2192828	0	ASHUKI
318	143	82	BERGA	3495160	0	BERGA
318	30	97	BOSCH	3228648	0	BOSCH
118	376	139	CENTRA	59871	0	CENTRA
318	421	150	COMLINE	815979	0	COMLINE
118	434	168	DETA	685735	0	DETA
1017	4881	192	DYNAMAX	1072049312	0	DYNAMAX
318	443	209	ENERGIZER	341539	0	ENERGIZER
118	24	227	EXIDE	2326357	0	EXIDE
118	241	269	FULMEN	1072254465	0	FULMEN
318	4452	292	GS	1072717355	0	GS
318	2	300	HELLA	5544745	0	HELLA
318	238	325	IPSA	1932610	0	IPSA
318	268	334	JP GROUP	1689683	0	JP GROUP
318	95	394	MAGNETI MARELLI	3241355	0	MAGNETI MARELLI
318	133	400	MAPCO	1775118	0	MAPCO
1117	358	401	MASTER-SPORT	192515	0	MASTER-SPORT
218	403	402	MAXGEAR	2556665	0	MAXGEAR
318	4564	430	MOTAQUIP	1070920100	0	MOTAQUIP
318	440	453	NPS	1072181898	0	NPS
318	4380	461	Omnicraft	1072788576	0	Omnicraft
318	378	462	OPEN PARTS	1071244474	0	OPEN PARTS
118	4338	488	PLATINUM	1049656	0	PLATINUM
318	57	506	QUINTON HAZELL	5387832	0	QUINTON HAZELL
318	4596	530	SAFA	1073525165	0	SAFA
218	4547	531	SAKURA	372016	0	SAKURA
118	375	565	SONNAK	1071004651	0	SONNAK
318	4675	574	STARLINE	226014	0	STARLINE
118	212	613	TUDOR	3795671	0	TUDOR
318	26	631	VARTA	3186379	0	VARTA
318	83	633	VDO	4345131	0	VDO
318	183	636	VEMO	1304614	0	VEMO
318	4963	643	VMF	1067640163	0	VMF
318	4451	665	YUASA	1073461898	0	YUASA
118	4533	7	ACEMARK	1072556562	0	ACEMARK
318	4528	12	AD KÜHNER	1070845368	0	AD KÜHNER
318	4886	14	AES	1070284895	0	AES
817	4504	17	AINDE	43060	0	AINDE
1117	479	24	ALANKO	1071715427	0	ALANKO
917	4976	32	AMD	1072109397	0	AMD
218	4534	33	AMK	1072569761	0	AMK
318	4576	42	ASAM	1071550674	0	ASAM
318	257	43	ASHIKA	1198545	0	ASHIKA
318	4843	47	AS-PL	1070693278	0	AS-PL
318	412	53	ATL Autotechnik	921216	0	ATL Autotechnik
318	4842	59	AUTOELECTRO	1071043011	0	AUTOELECTRO
318	323	63	AUTOMEGA	1750387	0	AUTOMEGA
118	4464	66	AUTOTEAM	1071742085	0	AUTOTEAM
318	350	90	BLUE PRINT	315398	0	BLUE PRINT
218	475	93	BORG & BECK	1072862692	0	BORG & BECK
318	4815	95	Borsehung	1068863670	0	Borsehung
218	4455	114	BSG	863992	0	BSG
318	177	116	BTS Turbo	3425625	0	BTS Turbo
218	157	120	BUGIAD	2134659	0	BUGIAD
318	372	126	CAMPRO	1072792835	0	CAMPRO
318	484	134	CASCO	1071857730	0	CASCO
318	393	140	CEVAM	1070938075	0	CEVAM
617	28	160	CV PSH	2940712	0	CV PSH
318	332	161	DA SILVA	1071304701	0	DA SILVA
318	66	165	DENSO	4471379	0	DENSO
318	460	183	DRI	430160	0	DRI
318	355	187	DT Spare Parts	1072408428	0	DT Spare Parts
118	4359	193	EAA	1072860202	0	EAA
1117	391	194	EAI	1311844	0	EAI
218	457	199	EDR	223813	0	EDR
318	226	205	ELSTOCK	1964548	0	ELSTOCK
318	234	212	ERA	1073672486	0	ERA
318	224	213	ERA Benelux	1071616479	0	ERA Benelux
318	337	224	EUROTEC	353877	0	EUROTEC
318	90	233	FARCOM	4810402	0	FARCOM
1017	4938	235	FAST	1071013147	0	FAST
318	101	238	FEBI BILSTEIN	2322828	0	FEBI BILSTEIN
318	271	240	FENOX	1071851226	0	FENOX
717	87	265	FRIESEN	1933968	0	FRIESEN
318	4379	276	GEBE	1714072	0	GEBE
1117	4819	299	HC-Cargo	1068057504	0	HC-Cargo
318	72	305	HERTH+BUSS ELPARTS	1073530776	0	HERTH+BUSS ELPARTS
318	55	306	HERTH+BUSS JAKOPARTS	3838801	0	HERTH+BUSS JAKOPARTS
318	449	308	HITACHI	1071283844	0	HITACHI
318	341	311	HOFFER	2210880	0	HOFFER
318	156	328	JAPANPARTS	2279051	0	JAPANPARTS
318	481	329	JAPKO	1224950	0	JAPKO
318	201	345	KAVO PARTS	631787	0	KAVO PARTS
318	4496	371	LAUBER	256518	0	LAUBER
318	20	386	LUCAS ELECTRICAL	3574972	0	LUCAS ELECTRICAL
318	287	396	MAHLE ORIGINAL	191451	0	MAHLE ORIGINAL
318	244	407	MEAT & DORIA	1073585136	0	MEAT & DORIA
318	342	410	MESSMER	1953608	0	MESSMER
318	248	448	NIPPARTS	1072690307	0	NIPPARTS
318	127	451	NK	4634551	0	NK
318	4683	470	OSSCA	1072441101	0	OSSCA
118	4703	475	PARTS-MALL	1073725241	0	PARTS-MALL
218	4652	480	PEMEBLA	1069644398	0	PEMEBLA
1017	4837	486	PIM	1070795085	0	PIM
1117	4543	493	PowerMax	1072237885	0	PowerMax
318	396	496	PRESTOLITE ELECTRIC	786862	0	PRESTOLITE ELECTRIC
218	214	515	REMY	2018898	0	REMY
318	4623	534	SAMPA	1072975953	0	SAMPA
318	4592	536	SANDO	1071557142	0	SANDO
417	408	560	SNRA	1071871031	0	SNRA
1117	4771	575	StartVOLT	1071987428	0	StartVOLT
318	4595	578	STELLOX	1072644784	0	STELLOX
318	336	582	ST-TEMPLIN	329855	0	ST-TEMPLIN
318	151	584	SWAG	1072060683	0	SWAG
1117	209	609	TRUCKTEC AUTOMOTIVE	1073644893	0	TRUCKTEC AUTOMOTIVE
1017	4620	625	UNIPOINT	1302215	0	UNIPOINT
318	21	629	VALEO	501975	0	VALEO
1017	4425	635	VEMA	1071345079	0	VEMA
318	4346	641	vika	1073301544	0	vika
318	4627	648	WAI	1068705616	0	WAI
318	4832	657	WILMINK GROUP	1072468469	0	WILMINK GROUP
318	4551	672	3Effe Group	1071423201	0	3Effe Group
218	459	324	IPS Parts	1072235385	0	IPS Parts
118	4461	341	KAISHIN	1073231940	0	KAISHIN
318	360	588	TEAMEC	1073486461	0	TEAMEC
318	4970	604	TRICLO	1069861011	0	TRICLO
318	108	606	TRISCAN	2841523	0	TRISCAN
318	4598	675	3RG	1362521	0	3RG
218	4631	49	ASVA	1190686	0	ASVA
318	4628	52	ATI	1072299097	0	ATI
1117	300	55	AUTEX	2446637	0	AUTEX
617	4943	70	AYWIPARTS	1071472581	0	AYWIPARTS
318	243	127	CAR	2060284	0	CAR
318	318	137	CDX	36078	0	CDX
318	311	143	CIFAM	1072679284	0	CIFAM
917	186	164	DENCKERMANN	1072661007	0	DENCKERMANN
318	371	167	DEPA	316314	0	DEPA
318	253	170	DIEDERICHS	1073570191	0	DIEDERICHS
218	4345	176	DODA	477551	0	DODA
318	4318	191	DYNAMATRIX	1791490	0	DYNAMATRIX
318	4834	234	FARE SA	162259	0	FARE SA
318	4674	237	FEBEST	1069805056	0	FEBEST
117	4727	257	FORMPART	1072881352	0	FORMPART
318	316	279	GENERAL RICAMBI	376870	0	GENERAL RICAMBI
318	373	293	GSP	2018395	0	GSP
318	178	304	HEPU	1072724195	0	HEPU
1117	262	323	IPD	1274701	0	IPD
218	185	343	KAMOKA	3270973	0	KAMOKA
318	4522	365	KSH-KOSHIMO	1073311402	0	KSH-KOSHIMO
318	56	380	LÖBRO	1331823	0	LÖBRO
318	197	381	LPR	1073049508	0	LPR
318	4600	391	LYNXauto	266102	0	LYNXauto
1117	4773	406	MDR	1070751439	0	MDR
318	121	412	METELLI	1073457876	0	METELLI
318	94	413	METZGER	559560	0	METZGER
318	144	414	MEYLE	2239831	0	MEYLE
318	4653	460	ODM-MULTIPARTS	1073000156	0	ODM-MULTIPARTS
318	129	464	OPTIMAL	2884577	0	OPTIMAL
318	4690	476	PASCAL	1073185894	0	PASCAL
617	4558	477	PATRON	1070406809	0	PATRON
917	4686	499	PROFIT	1073055389	0	PROFIT
318	4520	500	PROTECHNIC	1069780243	0	PROTECHNIC
118	4339	504	QUATTRO FRENI	65918	0	QUATTRO FRENI
218	492	512	RCA FRANCE	1072360191	0	RCA FRANCE
318	23	525	RUVILLE	4114252	0	RUVILLE
318	297	539	sbs	1072846487	0	sbs
917	225	544	SCT Germany	331099	0	SCT Germany
617	4811	547	SERA	1071894022	0	SERA
318	50	557	SKF	1985225	0	SKF
318	110	559	SNR	2189405	0	SNR
318	1	570	SPIDAN	5408712	0	SPIDAN
218	433	576	STATIM	1493380	0	STATIM
318	4758	586	TALOSA	1072641763	0	TALOSA
318	301	599	TOPRAN	3116965	0	TOPRAN
317	4896	600	TORQUE	1072182273	0	TORQUE
1017	4472	601	TrakMotive	866068	0	TrakMotive
318	4772	603	TRIALLI	796271	0	TRIALLI
318	155	627	URW	113111	0	URW
318	162	628	VAICO	1071909631	0	VAICO
617	4894	667	ZEKKERT	1068640836	0	ZEKKERT
318	4364	9	ACKOJAP	758692	0	ACKOJAP
318	180	25	ALCO FILTER	1350272	0	ALCO FILTER
318	146	31	AMC Filter	4528294	0	AMC Filter
318	4337	65	AUTOMOTOR France	190162	0	AUTOMOTOR France
318	4280	68	AVS AUTOPARTS	1733252	0	AVS AUTOPARTS
318	4702	99	BOSS FILTERS	1070690149	0	BOSS FILTERS
817	405	136	CAUTEX	1073245353	0	CAUTEX
318	43	141	CHAMPION	1375795	0	CHAMPION
318	163	144	CLEAN FILTERS	2176841	0	CLEAN FILTERS
218	437	153	CoopersFiaam	1071677817	0	CoopersFiaam
318	4334	156	CSV electronic parts	1763246	0	CSV electronic parts
318	89	163	DELPHI	948723	0	DELPHI
218	4396	169	DIAMAX	1071898728	0	DIAMAX
816	4868	180	DONALDSON	1071673983	0	DONALDSON
1017	4948	185	Dr!ve+	1073723257	0	Dr!ve+
1117	4838	245	FI.BA	1072961578	0	FI.BA
614	4659	246	FIL FILTER	1071166979	0	FIL FILTER
318	256	247	FILTRON	2798827	0	FILTRON
218	4581	252	FLEETGUARD	1071344480	0	FLEETGUARD
218	59	259	FRAM	3284105	0	FRAM
1117	313	266	FRIGAIR	1073630928	0	FRIGAIR
318	4663	289	GOODWILL	1071548583	0	GOODWILL
318	81	303	HENGST FILTER	943071	0	HENGST FILTER
318	4689	330	JC PREMIUM	1071344328	0	JC PREMIUM
118	4378	335	JS ASAKASHI	1073639626	0	JS ASAKASHI
318	387	351	KLAXCAR FRANCE	1071263374	0	KLAXCAR FRANCE
318	305	355	K&N Filters	1071281994	0	K&N Filters
318	34	356	KNECHT	5653652	0	KNECHT
318	432	358	KOLBENSCHMIDT	1070136317	0	KOLBENSCHMIDT
318	4546	360	KRAFT AUTOMOTIVE	675079	0	KRAFT AUTOMOTIVE
118	4973	388	LUCAS FILTERS	1067397223	0	LUCAS FILTERS
318	317	397	MALÒ	1070622746	0	MALÒ
318	4	398	MANN-FILTER	4059116	0	MANN-FILTER
118	218	408	MECAFILTER	2454374	0	MECAFILTER
218	4664	411	Metalcaucho	1069998109	0	Metalcaucho
218	462	415	MFILTER	1072314377	0	MFILTER
318	249	416	MGA	483331	0	MGA
218	4470	420	MISFAT	1756175	0	MISFAT
317	490	437	MULLER FILTER	1387215	0	MULLER FILTER
318	4944	467	OREX	1070672084	0	OREX
218	4996	474	PARKER RACOR	1072769673	0	PARKER RACOR
318	63	479	PE Automotive	4212345	0	PE Automotive
318	38	501	PURFLUX	5365648	0	PURFLUX
1117	4848	502	PZL SEDZISZOW	1073289864	0	PZL SEDZISZOW
118	4630	532	SAKURA Automotive	1071167203	0	SAKURA Automotive
318	4331	554	SIEGEL AUTOMOTIVE	1073344190	0	SIEGEL AUTOMOTIVE
318	4768	556	SIVENTO	1069015122	0	SIVENTO
218	142	561	SOFIMA	1073185072	0	SOFIMA
218	92	562	SogefiPro	892050	0	SogefiPro
917	4348	568	SpeedMate	730388	0	SpeedMate
218	4667	577	STC	1073389756	0	STC
318	4011	590	TECNECO FILTERS	1070719028	0	TECNECO FILTERS
218	91	591	TECNOCAR	3684144	0	TECNOCAR
218	137	621	UFI	1073529917	0	UFI
1117	364	623	UNIFLUX FILTERS	2009996	0	UNIFLUX FILTERS
318	4275	652	WE PARTS	1072443221	0	WE PARTS
118	482	654	WEEN	1070383292	0	WEEN
318	324	659	WIX FILTERS	291750	0	WIX FILTERS
317	4814	671	1A FIRST AUTOMOTIVE	1072910228	0	1A FIRST AUTOMOTIVE
318	140	154	CORTECO	2277436	0	CORTECO
118	4519	175	DJ PARTS	1073500692	0	DJ PARTS
318	4353	182	DPA	1073324064	0	DPA
318	4813	189	DÜRER	1070894131	0	DÜRER
318	441	250	FISPA	2316266	0	FISPA
318	27	552	SIDAT	1427782	0	SIDAT
318	5	483	PIERBURG	2968694	0	PIERBURG
1015	454	71	BANDO	1073353595	0	BANDO
318	31	152	CONTITECH	3279956	0	CONTITECH
318	42	162	DAYCO	405378	0	DAYCO
318	267	232	FAI AutoParts	1072201653	0	FAI AutoParts
318	236	253	FLENNOR	3652877	0	FLENNOR
318	33	273	GATES	5001036	0	GATES
318	4812	274	GATES-AU	1073204155	0	GATES-AU
318	239	315	HUTCHINSON	1073135976	0	HUTCHINSON
318	204	320	INA	2116206	0	INA
218	4994	421	MITSUBOSHI	1071903476	0	MITSUBOSHI
318	64	463	OPTIBELT	568063	0	OPTIBELT
318	4655	498	PROCODIS FRANCE	136388	0	PROCODIS FRANCE
916	100	523	ROULUNDS RUBBER	2371690	0	ROULUNDS RUBBER
614	4732	602	TREVI AUTOMOTIVE	73897	0	TREVI AUTOMOTIVE
715	179	638	VEYANCE	1071689267	0	VEYANCE
318	4997	0	A.B.A	1073557915	0	A.B.A
318	478	86	BGA	1069776157	0	BGA
218	4882	172	DIPASPORT	1071652197	0	DIPASPORT
318	4969	216	ESEN SKV	1072072051	0	ESEN SKV
318	4319	336	JTEKT	1953014	0	JTEKT
218	293	374	LENCO	1072816543	0	LENCO
318	292	379	LIZARTE	1071643215	0	LIZARTE
318	6	389	LuK	5420964	0	LuK
218	260	537	SASIC	2670349	0	SASIC
617	431	548	SERCORE	1292418	0	SERCORE
218	4607	549	SHAFTEC	1073056979	0	SHAFTEC
318	4698	581	S-TR	1071581123	0	S-TR
318	161	611	TRW	1393443	0	TRW
1017	429	651	WAT	590744	0	WAT
318	252	669	ZF Parts	1072260756	0	ZF Parts
318	208	88	BIRTH	2477214	0	BIRTH
318	4657	2	ABAKUS	1073015182	0	ABAKUS
318	362	26	ALKAR	1071665393	0	ALKAR
318	4344	206	ELTA AUTOMOTIVE	1071840415	0	ELTA AUTOMOTIVE
917	435	211	EQUAL QUALITY	1072426790	0	EQUAL QUALITY
1017	4841	322	IPARLUX	1070433934	0	IPARLUX
218	138	333	JOHNS	1054777	0	JOHNS
318	78	352	KLOKKERHOLM	3441794	0	KLOKKERHOLM
318	340	494	PRASCO	1072529433	0	PRASCO
817	187	563	SOMORA	2399579	0	SOMORA
318	4680	571	SPILU	1073309554	0	SPILU
318	4701	608	TRUCKLIGHT	1070673990	0	TRUCKLIGHT
318	61	620	TYC	782152	0	TYC
318	36	630	VAN WEZEL	1073335184	0	VAN WEZEL
318	427	46	ASMET	2328080	0	ASMET
117	298	48	ASSO	2149165	0	ASSO
318	406	91	BM CATALYSTS	1070202519	0	BM CATALYSTS
318	41	96	BOSAL	1073299791	0	BOSAL
917	233	171	DINEX	3678334	0	DINEX
318	7	196	EBERSPÄCHER	2666390	0	EBERSPÄCHER
318	488	200	EEC	1071006853	0	EEC
318	29	214	ERNST	4378004	0	ERNST
1017	4941	222	EuroFlo	1071139051	0	EuroFlo
717	415	239	FENNO	1072886442	0	FENNO
118	136	255	FONOS	4428514	0	FONOS
317	4763	294	GT Exhausts	557354	0	GT Exhausts
318	118	309	HJS	3943545	0	HJS
1117	191	318	IMASAF	3334850	0	IMASAF
318	445	350	KLARIUS	1073387700	0	KLARIUS
318	117	382	LRT	3958820	0	LRT
917	193	435	MTS	2563173	0	MTS
216	4873	492	POLMO	1072367928	0	POLMO
517	455	555	SIGAM	1563353	0	SIGAM
1117	165	619	TWINTEC	1072662600	0	TWINTEC
817	357	637	VENEPORTE	1072422965	0	VENEPORTE
118	13	649	WALKER	2993198	0	WALKER
218	115	622	ULO	1944539	0	ULO
1117	4965	337	JUMASA	1071728961	0	JUMASA
318	4696	472	PACOL	1068416943	0	PACOL
118	4327	491	POLIPLAST	1758826	0	POLIPLAST
318	4555	89	BLIC	1072273560	0	BLIC
318	4400	11	AD JSAutomotive	203694	0	AD JSAutomotive
118	4582	572	SPJ	1070395191	0	SPJ
318	139	21	AJUSA	2559608	0	AJUSA
318	10	204	ELRING	2397048	0	ELRING
318	237	207	ELWIS ROYAL	1970281	0	ELWIS ROYAL
318	367	236	FA1	1840655	0	FA1
318	88	283	GLASER	1105417	0	GLASER
318	60	287	GOETZE	2617466	0	GOETZE
318	205	454	NRF	3186228	0	NRF
318	113	478	PAYEN	1073210870	0	PAYEN
318	9	639	VICTOR REINZ	4272743	0	VICTOR REINZ
917	4949	617	TURBORAIL	1071027488	0	TURBORAIL
318	173	509	RAMEDER	2843244	0	RAMEDER
917	374	8	ACI-AVESA	945275	0	ACI-AVESA
318	269	558	SMPE	1072423283	0	SMPE
318	4593	592	TEDGUM	1073221981	0	TEDGUM
318	4737	56	AUTLOG	1072354309	0	AUTLOG
218	407	249	FIRST LINE	224842	0	FIRST LINE
318	134	428	MOOG	1653421	0	MOOG
318	49	79	BENDIX	4830784	0	BENDIX
318	4427	395	Magnum Technology	1072147005	0	Magnum Technology
318	32	528	SACHS	2419775	0	SACHS
318	51	655	WESTFALIA	4024484	0	WESTFALIA
318	106	109	BRINK	2808394	0	BRINK
118	426	424	MONOFLEX	1070704938	0	MONOFLEX
116	354	551	SIARR	1070629500	0	SIARR
318	4320	658	WITTER	1072542985	0	WITTER
318	11	84	BERU	3303368	0	BERU
318	206	5	A.B.S.	3798293	0	A.B.S.
318	166	20	AISIN	1073462811	0	AISIN
117	487	36	AP Automotive Prod.	522126	0	AP Automotive Prod.
318	3	51	ATE	5149927	0	ATE
318	381	101	Brake ENGINEERING	438211	0	Brake ENGINEERING
118	195	105	BREDA LORETT	1072575629	0	BREDA LORETT
218	4878	113	BSF	1072133435	0	BSF
218	4358	146	CLUTCHNUS	883829	0	CLUTCHNUS
318	399	225	EXEDY	1940973	0	EXEDY
318	54	268	FTE	1709160	0	FTE
318	279	281	GIRLING	1072975562	0	GIRLING
318	286	346	KAWE	3265111	0	KAWE
318	4428	353	KM Germany	47287	0	KM Germany
318	4548	377	LIPE CLUTCH	1071369363	0	LIPE CLUTCH
318	424	387	LUCAS ENGINE DRIVE	2630254	0	LUCAS ENGINE DRIVE
318	190	441	NATIONAL	3284725	0	NATIONAL
318	4828	527	RYMEC	1068667006	0	RYMEC
318	294	529	SACHS PERFORMANCE	2017054	0	SACHS PERFORMANCE
318	39	595	TEXTAR	3872084	0	TEXTAR
318	4693	115	BTA	1070420449	0	BTA
1115	468	181	DÖNMEZ	392060	0	DÖNMEZ
118	4756	312	HOLA	865766	0	HOLA
916	4559	409	MECARM	1072205584	0	MECARM
318	4694	445	NEXUS	1068476827	0	NEXUS
318	331	468	ORIGINAL IMPERIUM	1071611174	0	ORIGINAL IMPERIUM
318	4604	133	CASALS	1072919524	0	CASALS
118	4654	10	ACR	1073009044	0	ACR
218	4829	41	AS METAL	1072992287	0	AS METAL
318	4845	69	AYD	168747	0	AYD
318	4995	73	BBR Automotive	1069574930	0	BBR Automotive
218	4401	158	CTR	301482	0	CTR
317	471	173	DITAS	391921	0	DITAS
218	4003	219	ETS	1297401	0	ETS
318	4770	220	EUROBRAKE	1071887286	0	EUROBRAKE
318	4467	258	FORTUNE LINE	1070078389	0	FORTUNE LINE
318	486	260	FRAP	1073158390	0	FRAP
316	4844	295	G.U.D.	1070130179	0	G.U.D.
218	4879	347	KEY PARTS	1069662046	0	KEY PARTS
318	35	373	LEMFÖRDER	2363455	0	LEMFÖRDER
118	37	425	MONROE	4814388	0	MONROE
318	198	459	OCAP	2994546	0	OCAP
318	4368	505	QUICK STEER	1070153463	0	QUICK STEER
218	4708	517	RIW	1070167080	0	RIW
118	4609	521	ROTA	264983	0	ROTA
118	430	524	RTS	1070235597	0	RTS
318	4306	526	RYME	1285989	0	RYME
318	135	553	SIDEM	2695847	0	SIDEM
917	4635	569	SPICER	1068496433	0	SPICER
717	4340	593	TENACITY	1072738692	0	TENACITY
318	4468	663	YAMATO	786275	0	YAMATO
616	4987	676	4u	1071645450	0	4u
318	4010	677	555	2119254	0	555
318	4537	37	APEC braking	1073307249	0	APEC braking
318	4625	302	HELLA PAGID	1069780087	0	HELLA PAGID
318	4899	403	MAXTECH	1073104698	0	MAXTECH
318	73	418	MINTEX	4380335	0	MINTEX
318	12	473	PAGID	6307613	0	PAGID
318	80	23	AKS DASIS	3005609	0	AKS DASIS
318	105	77	BEHR HELLA SERVICE	3053352	0	BEHR HELLA SERVICE
318	215	125	CALORSTAT by Vernet	1103383	0	CALORSTAT by Vernet
917	4707	390	LUZAR	1073311748	0	LUZAR
318	4466	596	THERMOTEC	1071554954	0	THERMOTEC
916	4606	439	NAGARES	1072924171	0	NAGARES
318	4426	3	ABE	1071993896	0	ABE
318	4854	45	ASIMCO	1071387528	0	ASIMCO
318	394	72	BARUM	2772773	0	BARUM
318	4825	80	BENDIX-AU	1070871281	0	BENDIX-AU
318	65	106	BREMBO	1073496987	0	BREMBO
318	4872	108	BREMSI	1069042515	0	BREMSI
318	309	218	E.T.F.	1171823	0	E.T.F.
318	62	241	FERODO	5408712	0	FERODO
318	4986	242	FERODO RACING	1073585038	0	FERODO RACING
1117	4937	251	FIT	1072444706	0	FIT
218	4887	254	FOMAR Friction	1069278888	0	FOMAR Friction
318	295	267	fri.tech.	1071598479	0	fri.tech.
617	4998	313	HSB GOLD	1072637245	0	HSB GOLD
917	158	316	ICER	4164546	0	ICER
0	48	340	JURID	3770495	0	JURID
318	242	443	NECTO	2762563	0	NECTO
1117	4682	447	NiBK	1070992072	0	NiBK
917	4955	507	R BRAKE	1071080687	0	R BRAKE
318	400	508	RAICAM	1072176466	0	RAICAM
318	153	514	REMSA	486613	0	REMSA
318	152	518	ROADHOUSE	1750600	0	ROADHOUSE
318	4699	538	SBP	1071333986	0	SBP
318	438	579	STOP	628913	0	STOP
318	4377	598	TOMEX brakes	1072323032	0	TOMEX brakes
318	199	610	TRUSTING	1073441308	0	TRUSTING
118	456	642	VILLAR	2328567	0	VILLAR
1115	22	644	WABCO	1148065	0	WABCO
318	366	660	WOKING	1072435112	0	WOKING
318	86	670	ZIMMERMANN	4460152	0	ZIMMERMANN
218	4668	130	CARLUBE	1071896558	0	CARLUBE
318	363	131	CARPRISS	1452704	0	CARPRISS
118	207	135	CASTROL	1315153	0	CASTROL
218	189	142	CHAMPION LUBRICANTS	923999	0	CHAMPION LUBRICANTS
615	398	223	EUROL	1073388473	0	EUROL
1117	4907	363	KROON OIL	1071829391	0	KROON OIL
1117	222	378	LIQUI MOLY	563498	0	LIQUI MOLY
1117	436	433	MOTUL	1073052116	0	MOTUL
118	461	511	RAVENOL	188916	0	RAVENOL
1117	361	632	VATOIL	1071442697	0	VATOIL
218	188	661	WOLF	2502321	0	WOLF
1017	495	149	COJALI	1073215437	0	COJALI
318	4697	490	PNEUMATICS	1072717510	0	PNEUMATICS
318	114	118	BUDWEG CALIPER	1073719801	0	BUDWEG CALIPER
118	232	296	HALDEX	3630640	0	HALDEX
118	4739	634	VEGE	1072754033	0	VEGE
318	283	35	AP	1351332	0	AP
1117	4651	62	AUTOKIT	1071716791	0	AUTOKIT
318	4373	78	BELACO	1070077100	0	BELACO
318	264	81	BERAL	1072784122	0	BERAL
318	281	103	BRECK	97708	0	BRECK
318	289	104	BRECO	1072971004	0	BRECO
318	278	179	DON	3263070	0	DON
817	4360	184	DriveTec	1803106	0	DriveTec
318	266	190	DURON	1588478	0	DURON
318	192	231	FAG	589659	0	FAG
318	409	263	FREMAX	1073590027	0	FREMAX
318	500	271	GALFER	824963	0	GALFER
318	4935	339	JURATEK	1068342746	0	JURATEK
318	4658	392	MABYPARTS	1071909182	0	MABYPARTS
318	4990	450	NISSHINBO	1068936918	0	NISSHINBO
816	291	484	PILENGA	987652	0	PILENGA
917	4821	503	QUARO	1072510858	0	QUARO
1117	4330	516	REPKIT	1061759	0	REPKIT
118	4676	522	ROTINGER	1069785221	0	ROTINGER
318	4498	646	WAGNER	1070205635	0	WAGNER
318	4805	111	BROVEX-NELSON	1073057969	0	BROVEX-NELSON
318	325	138	CEF	347608	0	CEF
218	4730	624	UNIGOM	1073351817	0	UNIGOM
318	67	469	OSRAM	4292338	0	OSRAM
1116	4612	275	GE	1073152915	0	GE
1117	45	566	SPAHN GLÜHLAMPEN	5381704	0	SPAHN GLÜHLAMPEN
318	315	417	MICHELIN	1071713721	0	MICHELIN
318	485	440	NARVA	1071679642	0	NARVA
318	4671	444	NEOLUX®	82639	0	NEOLUX®
318	75	481	PHILIPS	3576300	0	PHILIPS
218	473	121	CABOR	1273595	0	CABOR
318	4871	148	COFLE	1071854777	0	COFLE
417	4312	278	GEMO	1072490631	0	GEMO
218	4572	372	LECOY	1069472235	0	LECOY
1117	263	545	SEIM	2308353	0	SEIM
318	4692	664	YAZUKA	1072877676	0	YAZUKA
318	16	87	BILSTEIN	2190535	0	BILSTEIN
318	14	92	BOGE	3953756	0	BOGE
318	4585	177	DOGA	1070709362	0	DOGA
517	4867	256	Forcetech	1073081910	0	Forcetech
318	71	270	GABRIEL	3186018	0	GABRIEL
318	18	359	KONI	4625943	0	KONI
517	4570	405	Maysan Mando	665856	0	Maysan Mando
318	4752	426	MONROE-AU	1072501552	0	MONROE-AU
118	4021	427	montcada	1071143941	0	montcada
318	126	573	STABILUS	3767305	0	STABILUS
318	4005	210	EPS	1073283574	0	EPS
318	159	229	FACET	610938	0	FACET
318	4006	366	KW	1072573384	0	KW
318	388	432	MOTORAD	270823	0	MOTORAD
218	79	647	WAHLER	4002137	0	WAHLER
218	4272	38	APPROVED GREEN	1808208	0	APPROVED GREEN
318	4514	217	ET ENGINETEAM	1072146623	0	ET ENGINETEAM
318	240	230	FAE	1073374894	0	FAE
316	255	197	ECS	1618715	0	ECS
717	476	57	AUTO AIR GLOUCESTER	1141108	0	AUTO AIR GLOUCESTER
318	4656	58	AUTOCLIMA	822856	0	AUTOCLIMA
318	247	67	AVA QUALITY COOLING	1766252	0	AVA QUALITY COOLING
1117	4553	159	CTR	1069214933	0	CTR
217	4725	203	ELECTRO AUTO	1068335249	0	ELECTRO AUTO
318	296	331	JDEUS	2644935	0	JDEUS
318	4399	362	KRIOS	1699887	0	KRIOS
318	97	645	WAECO	3278328	0	WAECO
318	299	653	WEBASTO	1161264	0	WEBASTO
318	467	155	CS Germany	329337	0	CS Germany
318	112	201	EIBACH	3535725	0	EIBACH
318	176	348	KILEN	2476934	0	KILEN
318	85	368	KYB	5177594	0	KYB
318	175	375	LESJÖFORS	3394249	0	LESJÖFORS
318	4764	404	MAXTRAC	1073088102	0	MAXTRAC
1017	4535	436	MUBEA	1073230946	0	MUBEA
218	273	513	RECORD FRANCE	1072757611	0	RECORD FRANCE
318	401	519	ROC	1278748	0	ROC
318	390	583	SUPLEX	1072008093	0	SUPLEX
318	351	60	AUTOFREN SEINSA	2013311	0	AUTOFREN SEINSA
318	4512	215	ERT	1675482	0	ERT
917	4849	6	Ac Rolcar	1072362579	0	Ac Rolcar
318	4603	202	ELECTRIC LIFE	431170	0	ELECTRIC LIFE
318	4719	376	LIFT-TEK	1073077080	0	LIFT-TEK
318	4721	419	MIRAGLIO	1072894722	0	MIRAGLIO
318	4394	465	opzional	1613724	0	opzional
318	4720	489	PMM	1073686612	0	PMM
1117	4349	326	ITSA	1072895287	0	ITSA
118	4505	482	PHIRA	1069088561	0	PHIRA
817	4940	243	FERRON	1073157516	0	FERRON
1117	4032	338	JUNIOR	1882816	0	JUNIOR
318	4614	546	SEM LASTIK	528706	0	SEM LASTIK
318	47	107	BREMI	5337585	0	BREMI
318	494	110	BRISK	1343144	0	BRISK
318	246	228	EYQUEM	1073093961	0	EYQUEM
118	4523	307	HIDRIA	1073024414	0	HIDRIA
218	4726	310	HKT	1071582429	0	HKT
318	4501	384	LUCAS	1072820223	0	LUCAS
218	423	385	LUCAS DIESEL	1070167022	0	LUCAS DIESEL
318	15	446	NGK	5217189	0	NGK
218	4880	157	CTE	1072096130	0	CTE
218	4567	195	EATON	1068884427	0	EATON
917	380	264	FRENKIT	1071365569	0	FRENKIT
817	4964	369	LA.R.A.	1072859956	0	LA.R.A.
318	4705	423	MOBILETRON	1072045139	0	MOBILETRON
318	145	457	NWB	1073455957	0	NWB
318	314	487	PJ	1299658	0	PJ
318	19	585	SWF	5361070	0	SWF
318	227	605	TRICO	1072707427	0	TRICO
318	154	178	DOLZ	981964	0	DOLZ
318	368	280	GGT	1073124105	0	GGT
318	4578	112	BRT Bearings	1240522	0	BRT Bearings
118	4463	123	CALIBER	1072311479	0	CALIBER
118	4462	354	KM International	1072243420	0	KM International
1117	330	589	TECHNOX	1083352	0	TECHNOX
318	4679	122	CAFFARO	1072984453	0	CAFFARO
318	52	76	BEHR	576842	0	BEHR
218	211	100	BOUGICORD	1187563	0	BOUGICORD
318	320	434	MTE-THOMSON	1072774728	0	MTE-THOMSON
317	469	342	KALE OTO RADYATÖR	1071805788	0	KALE OTO RADYATÖR
318	265	4	ABEX	1073264393	0	ABEX
318	4024	22	AKEBONO	1070551439	0	AKEBONO
318	4678	147	COBREQ	789641	0	COBREQ
1117	404	261	FRAS-LE	1072602074	0	FRAS-LE
116	4583	132	CARRAB BRAKE PARTS	121121	0	CARRAB BRAKE PARTS
218	194	74	BBT	1073133393	0	BBT
118	4342	587	TCMATIC	1072769000	0	TCMATIC
616	499	666	ZAFFO	1911924	0	ZAFFO
318	228	673	3F QUALITY	719042	0	3F QUALITY
117	274	40	AS	2784550	0	AS
318	4820	286	G+M KAT	1069048355	0	G+M KAT
1016	359	393	MAGNAFLOW	1071582449	0	MAGNAFLOW
917	4511	662	XXLMARMITTEITALIANE	1073686717	0	XXLMARMITTEITALIANE
318	352	85	BF	732713	0	BF
318	235	262	FRECCIA	1189543	0	FRECCIA
218	4717	442	NE	1070846899	0	NE
318	216	456	NÜRAL	1073171263	0	NÜRAL
318	385	288	GOETZE ENGINE	1717021	0	GOETZE ENGINE
217	4865	297	HASTINGS PISTON RING	1073234580	0	HASTINGS PISTON RING
318	422	16	AHE	927183	0	AHE
318	4688	61	AUTOGAMMA	1073540181	0	AUTOGAMMA
318	123	449	NISSENS	4818036	0	NISSENS
318	4864	466	ORDONEZ	161327	0	ORDONEZ
318	4898	567	SPECTRA PREMIUM	1072012670	0	SPECTRA PREMIUM
318	220	19	AIRTEX	1073354650	0	AIRTEX
1017	4767	226	EXEDY-AU	1068453177	0	EXEDY-AU
615	4718	361	KRAFTTECH	1072784486	0	KRAFTTECH
1017	470	399	MAPA	1071336502	0	MAPA
416	4561	656	WESTLAKE	784192	0	WESTLAKE
318	96	27	AL-KO	4825114	0	AL-KO
318	4862	317	IJS GROUP	1069810093	0	IJS GROUP
318	141	13	AE	4349525	0	AE
318	277	30	AMC	1072715212	0	AMC
318	202	284	GLYCO	1297465	0	GLYCO
218	4460	349	KING	1073117504	0	KING
318	4691	344	KANACO	1070596619	0	KANACO
218	219	597	TIMKEN	2064611	0	TIMKEN
318	4579	64	Automotive Bearings	1073234720	0	Automotive Bearings
318	4728	455	NSK	1070675940	0	NSK
218	4817	438	MW	1073161896	0	MW
318	4033	198	EDELMANN	1073432358	0	EDELMANN
1117	383	34	ANGLI	1073060927	0	ANGLI
917	452	102	BRECAV	1072636546	0	BRECAV
1115	411	221	EUROCABLE	2513594	0	EUROCABLE
614	397	327	JANMOR	1072024607	0	JANMOR
318	356	594	TESLA	1071056529	0	TESLA
1017	303	650	WALKER PRODUCTS	669770	0	WALKER PRODUCTS
318	182	540	SCHLÜTTER TURBOLADER	4163604	0	SCHLÜTTER TURBOLADER
318	4743	319	IMEX	1070518418	0	IMEX
218	4808	298	HAZET	32018	0	HAZET
1117	4999	626	ÜRO Parts	1069241333	0	ÜRO Parts
318	4527	18	AIR FREN	1071458393	0	AIR FREN
318	4495	54	AUGER	1072164411	0	AUGER
817	4670	83	BERGKRAFT	1068503707	0	BERGKRAFT
318	4734	301	HELLA GUTMANN	1073361042	0	HELLA GUTMANN
318	4023	364	KS TOOLS	413456	0	KS TOOLS
318	4923	452	NORMA	1071389974	0	NORMA
917	4731	383	LTM	1072916351	0	LTM
1117	4569	510	RANCHO	1072902337	0	RANCHO
318	4942	186	DSS	1070867969	0	DSS
318	181	282	GK	1072810258	0	GK
318	447	485	PILKINGTON	2088227	0	PILKINGTON
318	310	290	GRAF	3190383	0	GRAF
318	312	367	KWP	1071795401	0	KWP
318	4712	370	LASO	1072929528	0	LASO
1117	4026	640	VIGOR	125667	0	VIGOR
318	4742	117	BUCHLI	1069752670	0	BUCHLI
318	4384	208	EMINOX	1073174281	0	EMINOX
916	4958	291	GREENCAR Automotive	1071997538	0	GREENCAR Automotive
1117	122	458	OBERLAND	682313	0	OBERLAND
318	109	119	BUGATTI	441379	0	BUGATTI
317	4741	248	FINWHALE	1071902917	0	FINWHALE
318	245	533	Saleri SIL	2498629	0	Saleri SIL
1117	4972	50	ASYSUM	1067372663	0	ASYSUM
318	4336	321	INTERVALVES	1663486	0	INTERVALVES
717	464	471	OSVAT	1346176	0	OSVAT
318	347	612	TRW Engine Component	1072764402	0	TRW Engine Component
218	4912	277	GEDORE	1071904828	0	GEDORE
318	128	75	BE TURBO	1072990545	0	BE TURBO
218	4866	39	ARAL	1070476018	0	ARAL
118	4449	422	MOBIL	904271	0	MOBIL
318	169	495	PRESTO	1552504	0	PRESTO
318	4314	550	SHELL	1072755357	0	SHELL
1117	389	285	GLYSANTIN	2065930	0	GLYSANTIN
218	4333	497	Prestone	850943	0	Prestone
318	68	668	ZF	1579390	0	ZF
318	4695	129	CARGOPARTS	1073648905	0	CARGOPARTS
218	4457	564	SONAX	1072729149	0	SONAX
318	168	431	MOTIP	1526451	0	MOTIP
318	167	188	DUPLI COLOR	3577898	0	DUPLI COLOR
318	377	98	BOSCH DIAGNOSTICS	1877879	0	BOSCH DIAGNOSTICS
916	4824	332	JMP	1069836188	0	JMP
318	4911	28	ALLIGATOR	1069756130	0	ALLIGATOR
218	4662	314	HUF	1071003482	0	HUF
617	4946	541	SCHRADER	1070664282	0	SCHRADER
1117	327	94	BorgWarner	2433497	0	BorgWarner
118	4615	272	GARRETT	1069271909	0	GARRETT
318	345	429	MOTAIR TURBO	1534685	0	MOTAIR TURBO
1117	326	542	SCHWITZER	1262149	0	SCHWITZER
318	4885	614	turbo by Intec	1073233078	0	turbo by Intec
1117	4830	615	TURBO MOTOR	1072561373	0	TURBO MOTOR
318	4362	616	TURBO-MOT	1805341	0	TURBO-MOT
318	382	618	TURBO'S HOET	1072212120	0	TURBO'S HOET
1117	328	674	3K	1814513	0	3K
1117	4954	357	KNIPEX	1071227243	0	KNIPEX
1115	4481	128	CARBOX	782292	0	CARBOX
917	4367	580	STOP&GO	929633	0	STOP&GO
515	4357	174	DIVINOL	224244	0	DIVINOL
318	483	145	ClimAir	253225	0	ClimAir
117	319	124	CALIX	1072993336	0	CALIX
515	4760	166	DENSO-AU	1071702470	0	DENSO-AU
318	4924	1	ABA	1072788661	0	ABA
517	4434	151	CONTINENTAL	1069773722	0	CONTINENTAL
